Occupation_ID,Occupation,Job Category,Link
1,Data Entry Keyers,Data Entry/Analysis/Science,https://www.onetonline.org/find/match/1/43-9021.00?s=Data%20Entry%2FAnalysis%2FScience
2,Statistical Assistants,Data Entry/Analysis/Science,https://www.onetonline.org/find/match/2/43-9111.00?s=Data%20Entry%2FAnalysis%2FScience
3,Social Science Research Assistants,Data Entry/Analysis/Science,https://www.onetonline.org/find/match/3/19-4061.00?s=Data%20Entry%2FAnalysis%2FScience
4,Word Processors and Typists,Data Entry/Analysis/Science,https://www.onetonline.org/find/match/4/43-9022.00?s=Data%20Entry%2FAnalysis%2FScience
5,"Interviewers, Except Eligibility and Loan",Data Entry/Analysis/Science,https://www.onetonline.org/find/match/5/43-4111.00?s=Data%20Entry%2FAnalysis%2FScience
6,Order Clerks,Data Entry/Analysis/Science,https://www.onetonline.org/find/match/6/43-4151.00?s=Data%20Entry%2FAnalysis%2FScience
7,File Clerks,Data Entry/Analysis/Science,https://www.onetonline.org/find/match/7/43-4071.00?s=Data%20Entry%2FAnalysis%2FScience
8,"Office Clerks, General",Data Entry/Analysis/Science,https://www.onetonline.org/find/match/8/43-9061.00?s=Data%20Entry%2FAnalysis%2FScience
9,"Weighers, Measurers, Checkers, and Samplers, Recordkeeping",Data Entry/Analysis/Science,https://www.onetonline.org/find/match/9/43-5111.00?s=Data%20Entry%2FAnalysis%2FScience
10,First-Line Supervisors of Office and Administrative Support Workers,Data Entry/Analysis/Science,https://www.onetonline.org/find/match/10/43-1011.00?s=Data%20Entry%2FAnalysis%2FScience
11,Customs Brokers,Data Entry/Analysis/Science,https://www.onetonline.org/find/match/11/13-1041.08?s=Data%20Entry%2FAnalysis%2FScience
12,Midwives,Data Entry/Analysis/Science,https://www.onetonline.org/find/match/12/29-9099.01?s=Data%20Entry%2FAnalysis%2FScience
13,"Rolling Machine Setters, Operators, and Tenders, Metal and Plastic",Data Entry/Analysis/Science,https://www.onetonline.org/find/match/13/51-4023.00?s=Data%20Entry%2FAnalysis%2FScience
14,Nurse Midwives,Data Entry/Analysis/Science,https://www.onetonline.org/find/match/14/29-1161.00?s=Data%20Entry%2FAnalysis%2FScience
15,"Explosives Workers, Ordnance Handling Experts, and Blasters",Data Entry/Analysis/Science,https://www.onetonline.org/find/match/15/47-5032.00?s=Data%20Entry%2FAnalysis%2FScience
16,Rehabilitation Counselors,Data Entry/Analysis/Science,https://www.onetonline.org/find/match/16/21-1015.00?s=Data%20Entry%2FAnalysis%2FScience
17,Social and Human Service Assistants,Data Entry/Analysis/Science,https://www.onetonline.org/find/match/17/21-1093.00?s=Data%20Entry%2FAnalysis%2FScience
18,Postal Service Clerks,Data Entry/Analysis/Science,https://www.onetonline.org/find/match/18/43-5051.00?s=Data%20Entry%2FAnalysis%2FScience
19,Automotive Glass Installers and Repairers,Data Entry/Analysis/Science,https://www.onetonline.org/find/match/19/49-3022.00?s=Data%20Entry%2FAnalysis%2FScience
20,Data Scientists,Data Entry/Analysis/Science,https://www.onetonline.org/find/match/20/15-2051.00?s=Data%20Entry%2FAnalysis%2FScience
21,Software Quality Assurance Analysts and Testers,Software testing/technician,https://www.onetonline.org/find/match/1/15-1253.00?s=Software%20testing%2Ftechnician
22,Software Developers,Software testing/technician,https://www.onetonline.org/find/match/2/15-1252.00?s=Software%20testing%2Ftechnician
23,Computer User Support Specialists,Software testing/technician,https://www.onetonline.org/find/match/3/15-1232.00?s=Software%20testing%2Ftechnician
24,Computer Programmers,Software testing/technician,https://www.onetonline.org/find/match/4/15-1251.00?s=Software%20testing%2Ftechnician
25,Network and Computer Systems Administrators,Software testing/technician,https://www.onetonline.org/find/match/5/15-1244.00?s=Software%20testing%2Ftechnician
26,Database Administrators,Software testing/technician,https://www.onetonline.org/find/match/6/15-1242.00?s=Software%20testing%2Ftechnician
27,Computer Systems Analysts,Software testing/technician,https://www.onetonline.org/find/match/7/15-1211.00?s=Software%20testing%2Ftechnician
28,Computer Network Support Specialists,Software testing/technician,https://www.onetonline.org/find/match/8/15-1231.00?s=Software%20testing%2Ftechnician
29,Computer Network Architects,Software testing/technician,https://www.onetonline.org/find/match/9/15-1241.00?s=Software%20testing%2Ftechnician
30,Bioinformatics Technicians,Software testing/technician,https://www.onetonline.org/find/match/10/15-2099.01?s=Software%20testing%2Ftechnician
31,"Electronics Engineers, Except Computer",Software testing/technician,https://www.onetonline.org/find/match/11/17-2072.00?s=Software%20testing%2Ftechnician
32,Remote Sensing Technicians,Software testing/technician,https://www.onetonline.org/find/match/12/19-4099.03?s=Software%20testing%2Ftechnician
33,Electrical Engineers,Software testing/technician,https://www.onetonline.org/find/match/13/17-2071.00?s=Software%20testing%2Ftechnician
34,Database Architects,Software testing/technician,https://www.onetonline.org/find/match/14/15-1243.00?s=Software%20testing%2Ftechnician
35,Radio Frequency Identification Device Specialists,Software testing/technician,https://www.onetonline.org/find/match/15/17-2072.01?s=Software%20testing%2Ftechnician
36,Computer Systems Engineers/Architects,Software testing/technician,https://www.onetonline.org/find/match/16/15-1299.08?s=Software%20testing%2Ftechnician
37,Web and Digital Interface Designers,Software testing/technician,https://www.onetonline.org/find/match/17/15-1255.00?s=Software%20testing%2Ftechnician
38,Computer and Information Research Scientists,Software testing/technician,https://www.onetonline.org/find/match/18/15-1221.00?s=Software%20testing%2Ftechnician
39,Electro-Mechanical and Mechatronics Technologists and Technicians,Software testing/technician,https://www.onetonline.org/find/match/19/17-3024.00?s=Software%20testing%2Ftechnician
40,Blockchain Engineers,Software testing/technician,https://www.onetonline.org/find/match/20/15-1299.07?s=Software%20testing%2Ftechnician
41,Software Developers,Software Engineering,https://www.onetonline.org/find/match/1/15-1252.00?s=Software%20Engineering
42,Software Quality Assurance Analysts and Testers,Software Engineering,https://www.onetonline.org/find/match/2/15-1253.00?s=Software%20Engineering
43,Computer Systems Analysts,Software Engineering,https://www.onetonline.org/find/match/3/15-1211.00?s=Software%20Engineering
44,Aerospace Engineers,Software Engineering,https://www.onetonline.org/find/match/4/17-2011.00?s=Software%20Engineering
45,Computer Systems Engineers/Architects,Software Engineering,https://www.onetonline.org/find/match/5/15-1299.08?s=Software%20Engineering
46,Electrical and Electronic Engineering Technologists and Technicians,Software Engineering,https://www.onetonline.org/find/match/6/17-3023.00?s=Software%20Engineering
47,Computer User Support Specialists,Software Engineering,https://www.onetonline.org/find/match/7/15-1232.00?s=Software%20Engineering
48,"Electronics Engineers, Except Computer",Software Engineering,https://www.onetonline.org/find/match/8/17-2072.00?s=Software%20Engineering
49,Computer Programmers,Software Engineering,https://www.onetonline.org/find/match/9/15-1251.00?s=Software%20Engineering
50,Architectural and Engineering Managers,Software Engineering,https://www.onetonline.org/find/match/10/11-9041.00?s=Software%20Engineering
51,Electrical Engineers,Software Engineering,https://www.onetonline.org/find/match/11/17-2071.00?s=Software%20Engineering
52,Computer and Information Research Scientists,Software Engineering,https://www.onetonline.org/find/match/12/15-1221.00?s=Software%20Engineering
53,Mechanical Engineering Technologists and Technicians,Software Engineering,https://www.onetonline.org/find/match/13/17-3027.00?s=Software%20Engineering
54,Industrial Engineering Technologists and Technicians,Software Engineering,https://www.onetonline.org/find/match/14/17-3026.00?s=Software%20Engineering
55,Computer Hardware Engineers,Software Engineering,https://www.onetonline.org/find/match/15/17-2061.00?s=Software%20Engineering
56,"Mining and Geological Engineers, Including Mining Safety Engineers",Software Engineering,https://www.onetonline.org/find/match/16/17-2151.00?s=Software%20Engineering
57,Computer Network Architects,Software Engineering,https://www.onetonline.org/find/match/17/15-1241.00?s=Software%20Engineering
58,Environmental Engineering Technologists and Technicians,Software Engineering,https://www.onetonline.org/find/match/18/17-3025.00?s=Software%20Engineering
59,Network and Computer Systems Administrators,Software Engineering,https://www.onetonline.org/find/match/19/15-1244.00?s=Software%20Engineering
60,Bioengineers and Biomedical Engineers,Software Engineering,https://www.onetonline.org/find/match/20/17-2031.00?s=Software%20Engineering
61,Industrial-Organizational Psychologists,Organizing,https://www.onetonline.org/find/match/1/19-3032.00?s=Organizing
62,Concierges,Organizing,https://www.onetonline.org/find/match/2/39-6012.00?s=Organizing
63,Social and Human Service Assistants,Organizing,https://www.onetonline.org/find/match/3/21-1093.00?s=Organizing
64,Fundraisers,Organizing,https://www.onetonline.org/find/match/4/13-1131.00?s=Organizing
65,Management Analysts,Organizing,https://www.onetonline.org/find/match/5/13-1111.00?s=Organizing
66,Social and Community Service Managers,Organizing,https://www.onetonline.org/find/match/6/11-9151.00?s=Organizing
67,Human Resources Specialists,Organizing,https://www.onetonline.org/find/match/7/13-1071.00?s=Organizing
68,General and Operations Managers,Organizing,https://www.onetonline.org/find/match/8/11-1021.00?s=Organizing
69,Training and Development Managers,Organizing,https://www.onetonline.org/find/match/9/11-3131.00?s=Organizing
70,Training and Development Specialists,Organizing,https://www.onetonline.org/find/match/10/13-1151.00?s=Organizing
71,"Meeting, Convention, and Event Planners",Organizing,https://www.onetonline.org/find/match/11/13-1121.00?s=Organizing
72,Chief Executives,Organizing,https://www.onetonline.org/find/match/12/11-1011.00?s=Organizing
73,"Secretaries and Administrative Assistants, Except Legal, Medical, and Executive",Organizing,https://www.onetonline.org/find/match/13/43-6014.00?s=Organizing
74,Librarians and Media Collections Specialists,Organizing,https://www.onetonline.org/find/match/14/25-4022.00?s=Organizing
75,Human Resources Managers,Organizing,https://www.onetonline.org/find/match/15/11-3121.00?s=Organizing
76,Administrative Services Managers,Organizing,https://www.onetonline.org/find/match/16/11-3012.00?s=Organizing
77,"Chemistry Teachers, Postsecondary",Organizing,https://www.onetonline.org/find/match/17/25-1052.00?s=Organizing
78,"Art, Drama, and Music Teachers, Postsecondary",Organizing,https://www.onetonline.org/find/match/18/25-1121.00?s=Organizing
79,Advertising and Promotions Managers,Organizing,https://www.onetonline.org/find/match/19/11-2011.00?s=Organizing
80,Public Relations Specialists,Organizing,https://www.onetonline.org/find/match/20/27-3031.00?s=Organizing
81,"Cooks, Restaurant",Restaurant work,https://www.onetonline.org/find/match/1/35-2014.00?s=Restaurant%20work
82,"Hosts and Hostesses, Restaurant, Lounge, and Coffee Shop",Restaurant work,https://www.onetonline.org/find/match/2/35-9031.00?s=Restaurant%20work
83,"Cooks, Fast Food",Restaurant work,https://www.onetonline.org/find/match/3/35-2011.00?s=Restaurant%20work
84,First-Line Supervisors of Food Preparation and Serving Workers,Restaurant work,https://www.onetonline.org/find/match/4/35-1012.00?s=Restaurant%20work
85,Fast Food and Counter Workers,Restaurant work,https://www.onetonline.org/find/match/5/35-3023.00?s=Restaurant%20work
86,Occupational Health and Safety Specialists,Restaurant work,https://www.onetonline.org/find/match/6/19-5011.00?s=Restaurant%20work
87,Dining Room and Cafeteria Attendants and Bartender Helpers,Restaurant work,https://www.onetonline.org/find/match/7/35-9011.00?s=Restaurant%20work
88,Food Preparation Workers,Restaurant work,https://www.onetonline.org/find/match/8/35-2021.00?s=Restaurant%20work
89,First-Line Supervisors of Non-Retail Sales Workers,Restaurant work,https://www.onetonline.org/find/match/9/41-1012.00?s=Restaurant%20work
90,Cashiers,Restaurant work,https://www.onetonline.org/find/match/10/41-2011.00?s=Restaurant%20work
91,"Sales Representatives, Wholesale and Manufacturing, Except Technical and Scientific Products",Restaurant work,https://www.onetonline.org/find/match/11/41-4012.00?s=Restaurant%20work
92,Food Service Managers,Restaurant work,https://www.onetonline.org/find/match/12/11-9051.00?s=Restaurant%20work
93,Waiters and Waitresses,Restaurant work,https://www.onetonline.org/find/match/13/35-3031.00?s=Restaurant%20work
94,Driver/Sales Workers,Restaurant work,https://www.onetonline.org/find/match/14/53-3031.00?s=Restaurant%20work
95,"Food Servers, Nonrestaurant",Restaurant work,https://www.onetonline.org/find/match/15/35-3041.00?s=Restaurant%20work
96,Chefs and Head Cooks,Restaurant work,https://www.onetonline.org/find/match/16/35-1011.00?s=Restaurant%20work
97,"Social Work Teachers, Postsecondary",Restaurant work,https://www.onetonline.org/find/match/17/25-1113.00?s=Restaurant%20work
98,"Hotel, Motel, and Resort Desk Clerks",Restaurant work,https://www.onetonline.org/find/match/18/43-4081.00?s=Restaurant%20work
99,"First-Line Supervisors of Landscaping, Lawn Service, and Groundskeeping Workers",Restaurant work,https://www.onetonline.org/find/match/19/37-1012.00?s=Restaurant%20work
100,"Maintenance and Repair Workers, General",Restaurant work,https://www.onetonline.org/find/match/20/49-9071.00?s=Restaurant%20work
101,"Shipping, Receiving, and Inventory Clerks",Inventory fulfillment,https://www.onetonline.org/find/match/1/43-5071.00?s=Inventory%20fulfillment
102,Order Clerks,Inventory fulfillment,https://www.onetonline.org/find/match/2/43-4151.00?s=Inventory%20fulfillment
103,Stockers and Order Fillers,Inventory fulfillment,https://www.onetonline.org/find/match/3/53-7065.00?s=Inventory%20fulfillment
104,Insurance Underwriters,Inventory fulfillment,https://www.onetonline.org/find/match/4/13-2053.00?s=Inventory%20fulfillment
105,Logistics Analysts,Inventory fulfillment,https://www.onetonline.org/find/match/5/13-1081.02?s=Inventory%20fulfillment
106,Online Merchants,Inventory fulfillment,https://www.onetonline.org/find/match/6/13-1199.06?s=Inventory%20fulfillment
107,Foresters,Inventory fulfillment,https://www.onetonline.org/find/match/7/19-1032.00?s=Inventory%20fulfillment
108,"Production, Planning, and Expediting Clerks",Inventory fulfillment,https://www.onetonline.org/find/match/8/43-5061.00?s=Inventory%20fulfillment
109,Industrial Engineers,Inventory fulfillment,https://www.onetonline.org/find/match/9/17-2112.00?s=Inventory%20fulfillment
110,"Weighers, Measurers, Checkers, and Samplers, Recordkeeping",Inventory fulfillment,https://www.onetonline.org/find/match/10/43-5111.00?s=Inventory%20fulfillment
111,First-Line Supervisors of Office and Administrative Support Workers,Inventory fulfillment,https://www.onetonline.org/find/match/11/43-1011.00?s=Inventory%20fulfillment
112,Pharmacy Technicians,Inventory fulfillment,https://www.onetonline.org/find/match/12/29-2052.00?s=Inventory%20fulfillment
113,Veterinary Assistants and Laboratory Animal Caretakers,Inventory fulfillment,https://www.onetonline.org/find/match/13/31-9096.00?s=Inventory%20fulfillment
114,"Transportation, Storage, and Distribution Managers",Inventory fulfillment,https://www.onetonline.org/find/match/14/11-3071.00?s=Inventory%20fulfillment
115,General and Operations Managers,Inventory fulfillment,https://www.onetonline.org/find/match/15/11-1021.00?s=Inventory%20fulfillment
116,Accountants and Auditors,Inventory fulfillment,https://www.onetonline.org/find/match/16/13-2011.00?s=Inventory%20fulfillment
117,Chemical Technicians,Inventory fulfillment,https://www.onetonline.org/find/match/17/19-4031.00?s=Inventory%20fulfillment
118,"First-Line Supervisors of Helpers, Laborers, and Material Movers, Hand",Inventory fulfillment,https://www.onetonline.org/find/match/18/53-1042.00?s=Inventory%20fulfillment
119,Forest and Conservation Workers,Inventory fulfillment,https://www.onetonline.org/find/match/19/45-4011.00?s=Inventory%20fulfillment
120,Purchasing Managers,Inventory fulfillment,https://www.onetonline.org/find/match/20/11-3061.00?s=Inventory%20fulfillment
121,Pile Driver Operators,Driving,https://www.onetonline.org/find/match/1/47-2072.00?s=Driving
122,Heavy and Tractor-Trailer Truck Drivers,Driving,https://www.onetonline.org/find/match/2/53-3032.00?s=Driving
123,"Ambulance Drivers and Attendants, Except Emergency Medical Technicians",Driving,https://www.onetonline.org/find/match/3/53-3011.00?s=Driving
124,"Bus Drivers, School",Driving,https://www.onetonline.org/find/match/4/53-3051.00?s=Driving
125,"Bus Drivers, Transit and Intercity",Driving,https://www.onetonline.org/find/match/5/53-3052.00?s=Driving
126,Shuttle Drivers and Chauffeurs,Driving,https://www.onetonline.org/find/match/6/53-3053.00?s=Driving
127,Taxi Drivers,Driving,https://www.onetonline.org/find/match/7/53-3054.00?s=Driving
128,Driver/Sales Workers,Driving,https://www.onetonline.org/find/match/8/53-3031.00?s=Driving
129,Light Truck Drivers,Driving,https://www.onetonline.org/find/match/9/53-3033.00?s=Driving
130,"Career/Technical Education Teachers, Postsecondary",Driving,https://www.onetonline.org/find/match/10/25-1194.00?s=Driving
131,Self-Enrichment Teachers,Driving,https://www.onetonline.org/find/match/11/25-3021.00?s=Driving
132,Athletes and Sports Competitors,Driving,https://www.onetonline.org/find/match/12/27-2021.00?s=Driving
133,First-Line Supervisors of Construction Trades and Extraction Workers,Driving,https://www.onetonline.org/find/match/13/47-1011.00?s=Driving
134,"Material Moving Workers, All Other",Driving,https://www.onetonline.org/find/match/14/53-7199.00?s=Driving
135,Armored Assault Vehicle Crew Members,Driving,https://www.onetonline.org/find/match/15/55-3013.00?s=Driving
136,Logging Equipment Operators,Driving,https://www.onetonline.org/find/match/16/45-4022.00?s=Driving
137,Locomotive Engineers,Driving,https://www.onetonline.org/find/match/17/53-4011.00?s=Driving
138,"Rail Yard Engineers, Dinkey Operators, and Hostlers",Driving,https://www.onetonline.org/find/match/18/53-4013.00?s=Driving
139,Agricultural Equipment Operators,Driving,https://www.onetonline.org/find/match/19/45-2091.00?s=Driving
140,Refuse and Recyclable Material Collectors,Driving,https://www.onetonline.org/find/match/20/53-7081.00?s=Driving
141,Outdoor Power Equipment and Other Small Engine Mechanics,Outdoor work,https://www.onetonline.org/find/match/1/49-3053.00?s=Outdoor%20work
142,Recreation Workers,Outdoor work,https://www.onetonline.org/find/match/2/39-9032.00?s=Outdoor%20work
143,"Lifeguards, Ski Patrol, and Other Recreational Protective Service Workers",Outdoor work,https://www.onetonline.org/find/match/3/33-9092.00?s=Outdoor%20work
144,Advertising Sales Agents,Outdoor work,https://www.onetonline.org/find/match/4/41-3011.00?s=Outdoor%20work
145,Tour Guides and Escorts,Outdoor work,https://www.onetonline.org/find/match/5/39-7011.00?s=Outdoor%20work
146,"Recreation and Fitness Studies Teachers, Postsecondary",Outdoor work,https://www.onetonline.org/find/match/6/25-1193.00?s=Outdoor%20work
147,Landscape Architects,Outdoor work,https://www.onetonline.org/find/match/7/17-1012.00?s=Outdoor%20work
148,Self-Enrichment Teachers,Outdoor work,https://www.onetonline.org/find/match/8/25-3021.00?s=Outdoor%20work
149,"Social Work Teachers, Postsecondary",Outdoor work,https://www.onetonline.org/find/match/9/25-1113.00?s=Outdoor%20work
150,"Preschool Teachers, Except Special Education",Outdoor work,https://www.onetonline.org/find/match/10/25-2011.00?s=Outdoor%20work
151,"Special Education Teachers, Preschool",Outdoor work,https://www.onetonline.org/find/match/11/25-2051.00?s=Outdoor%20work
152,"Farmworkers and Laborers, Crop, Nursery, and Greenhouse",Outdoor work,https://www.onetonline.org/find/match/12/45-2092.00?s=Outdoor%20work
153,Landscaping and Groundskeeping Workers,Outdoor work,https://www.onetonline.org/find/match/13/37-3011.00?s=Outdoor%20work
154,"First-Line Supervisors of Landscaping, Lawn Service, and Groundskeeping Workers",Outdoor work,https://www.onetonline.org/find/match/14/37-1012.00?s=Outdoor%20work
155,"Maintenance and Repair Workers, General",Outdoor work,https://www.onetonline.org/find/match/15/49-9071.00?s=Outdoor%20work
156,Exercise Trainers and Group Fitness Instructors,Outdoor work,https://www.onetonline.org/find/match/16/39-9031.00?s=Outdoor%20work
157,First-Line Supervisors of Construction Trades and Extraction Workers,Outdoor work,https://www.onetonline.org/find/match/17/47-1011.00?s=Outdoor%20work
158,First-Line Supervisors of Food Preparation and Serving Workers,Outdoor work,https://www.onetonline.org/find/match/18/35-1012.00?s=Outdoor%20work
159,"Kindergarten Teachers, Except Special Education",Outdoor work,https://www.onetonline.org/find/match/19/25-2012.00?s=Outdoor%20work
160,"Helpers--Installation, Maintenance, and Repair Workers",Outdoor work,https://www.onetonline.org/find/match/20/49-9098.00?s=Outdoor%20work
161,Technical Writers,Writing,https://www.onetonline.org/find/match/1/27-3042.00?s=Writing
162,"English Language and Literature Teachers, Postsecondary",Writing,https://www.onetonline.org/find/match/2/25-1123.00?s=Writing
163,"Poets, Lyricists and Creative Writers",Writing,https://www.onetonline.org/find/match/3/27-3043.05?s=Writing
164,Writers and Authors,Writing,https://www.onetonline.org/find/match/4/27-3043.00?s=Writing
165,Fundraisers,Writing,https://www.onetonline.org/find/match/5/13-1131.00?s=Writing
166,"Law Teachers, Postsecondary",Writing,https://www.onetonline.org/find/match/6/25-1112.00?s=Writing
167,"Communications Teachers, Postsecondary",Writing,https://www.onetonline.org/find/match/7/25-1122.00?s=Writing
168,"Elementary School Teachers, Except Special Education",Writing,https://www.onetonline.org/find/match/8/25-2021.00?s=Writing
169,Tutors,Writing,https://www.onetonline.org/find/match/9/25-3041.00?s=Writing
170,"Office Machine Operators, Except Computer",Writing,https://www.onetonline.org/find/match/10/43-9071.00?s=Writing
171,Court Reporters and Simultaneous Captioners,Writing,https://www.onetonline.org/find/match/11/27-3092.00?s=Writing
172,"Sales Representatives, Wholesale and Manufacturing, Except Technical and Scientific Products",Writing,https://www.onetonline.org/find/match/12/41-4012.00?s=Writing
173,"News Analysts, Reporters, and Journalists",Writing,https://www.onetonline.org/find/match/13/27-3023.00?s=Writing
174,Gambling and Sports Book Writers and Runners,Writing,https://www.onetonline.org/find/match/14/39-3012.00?s=Writing
175,Public Relations Specialists,Writing,https://www.onetonline.org/find/match/15/27-3031.00?s=Writing
176,"Educational, Guidance, and Career Counselors and Advisors",Writing,https://www.onetonline.org/find/match/16/21-1012.00?s=Writing
177,Music Directors and Composers,Writing,https://www.onetonline.org/find/match/17/27-2041.00?s=Writing
178,Architectural and Engineering Managers,Writing,https://www.onetonline.org/find/match/18/11-9041.00?s=Writing
179,Video Game Designers,Writing,https://www.onetonline.org/find/match/19/15-1255.01?s=Writing
180,Brokerage Clerks,Writing,https://www.onetonline.org/find/match/20/43-4011.00?s=Writing
181,Marketing Managers,Marketing,https://www.onetonline.org/find/match/1/11-2021.00?s=Marketing
182,Search Marketing Strategists,Marketing,https://www.onetonline.org/find/match/2/13-1161.01?s=Marketing
183,Market Research Analysts and Marketing Specialists,Marketing,https://www.onetonline.org/find/match/3/13-1161.00?s=Marketing
184,Online Merchants,Marketing,https://www.onetonline.org/find/match/4/13-1199.06?s=Marketing
185,"Farmers, Ranchers, and Other Agricultural Managers",Marketing,https://www.onetonline.org/find/match/5/11-9013.00?s=Marketing
186,Advertising and Promotions Managers,Marketing,https://www.onetonline.org/find/match/6/11-2011.00?s=Marketing
187,Commercial and Industrial Designers,Marketing,https://www.onetonline.org/find/match/7/27-1021.00?s=Marketing
188,"Business Teachers, Postsecondary",Marketing,https://www.onetonline.org/find/match/8/25-1011.00?s=Marketing
189,"Securities, Commodities, and Financial Services Sales Agents",Marketing,https://www.onetonline.org/find/match/9/41-3031.00?s=Marketing
190,Business Intelligence Analysts,Marketing,https://www.onetonline.org/find/match/10/15-2051.01?s=Marketing
191,Public Relations Specialists,Marketing,https://www.onetonline.org/find/match/11/27-3031.00?s=Marketing
192,"Sales Representatives, Wholesale and Manufacturing, Technical and Scientific Products",Marketing,https://www.onetonline.org/find/match/12/41-4011.00?s=Marketing
193,"Agents and Business Managers of Artists, Performers, and Athletes",Marketing,https://www.onetonline.org/find/match/13/13-1011.00?s=Marketing
194,"Buyers and Purchasing Agents, Farm Products",Marketing,https://www.onetonline.org/find/match/14/13-1021.00?s=Marketing
195,Sales Managers,Marketing,https://www.onetonline.org/find/match/15/11-2022.00?s=Marketing
196,Fundraisers,Marketing,https://www.onetonline.org/find/match/16/13-1131.00?s=Marketing
197,Insurance Sales Agents,Marketing,https://www.onetonline.org/find/match/17/41-3021.00?s=Marketing
198,Solar Sales Representatives and Assessors,Marketing,https://www.onetonline.org/find/match/18/41-4011.07?s=Marketing
199,Sales Engineers,Marketing,https://www.onetonline.org/find/match/19/41-9031.00?s=Marketing
200,First-Line Supervisors of Non-Retail Sales Workers,Marketing,https://www.onetonline.org/find/match/20/41-1012.00?s=Marketing
201,"Production, Planning, and Expediting Clerks",Sales,https://www.onetonline.org/find/match/1/43-5061.00?s=Sales
202,"Dispatchers, Except Police, Fire, and Ambulance",Sales,https://www.onetonline.org/find/match/2/43-5032.00?s=Sales
203,First-Line Supervisors of Retail Sales Workers,Sales,https://www.onetonline.org/find/match/3/41-1011.00?s=Sales
204,First-Line Supervisors of Non-Retail Sales Workers,Sales,https://www.onetonline.org/find/match/4/41-1012.00?s=Sales
205,Sales Managers,Sales,https://www.onetonline.org/find/match/5/11-2022.00?s=Sales
206,"Sales Representatives, Wholesale and Manufacturing, Technical and Scientific Products",Sales,https://www.onetonline.org/find/match/6/41-4011.00?s=Sales
207,Sales Engineers,Sales,https://www.onetonline.org/find/match/7/41-9031.00?s=Sales
208,Advertising Sales Agents,Sales,https://www.onetonline.org/find/match/8/41-3011.00?s=Sales
209,"Sales Representatives of Services, Except Advertising, Insurance, Financial Services, and Travel",Sales,https://www.onetonline.org/find/match/9/41-3091.00?s=Sales
210,Real Estate Sales Agents,Sales,https://www.onetonline.org/find/match/10/41-9022.00?s=Sales
211,"Sales Representatives, Wholesale and Manufacturing, Except Technical and Scientific Products",Sales,https://www.onetonline.org/find/match/11/41-4012.00?s=Sales
212,"Securities, Commodities, and Financial Services Sales Agents",Sales,https://www.onetonline.org/find/match/12/41-3031.00?s=Sales
213,"Sales and Related Workers, All Other",Sales,https://www.onetonline.org/find/match/13/41-9099.00?s=Sales
214,Driver/Sales Workers,Sales,https://www.onetonline.org/find/match/14/53-3031.00?s=Sales
215,Solar Sales Representatives and Assessors,Sales,https://www.onetonline.org/find/match/15/41-4011.07?s=Sales
216,Insurance Sales Agents,Sales,https://www.onetonline.org/find/match/16/41-3021.00?s=Sales
217,Retail Salespersons,Sales,https://www.onetonline.org/find/match/17/41-2031.00?s=Sales
218,"Wholesale and Retail Buyers, Except Farm Products",Sales,https://www.onetonline.org/find/match/18/13-1022.00?s=Sales
219,"Door-to-Door Sales Workers, News and Street Vendors, and Related Workers",Sales,https://www.onetonline.org/find/match/19/41-9091.00?s=Sales
220,Advertising and Promotions Managers,Sales,https://www.onetonline.org/find/match/20/11-2011.00?s=Sales
221,Web and Digital Interface Designers,Design,https://www.onetonline.org/find/match/1/15-1255.00?s=Design
222,Set and Exhibit Designers,Design,https://www.onetonline.org/find/match/2/27-1027.00?s=Design
223,Commercial and Industrial Designers,Design,https://www.onetonline.org/find/match/3/27-1021.00?s=Design
224,Interior Designers,Design,https://www.onetonline.org/find/match/4/27-1025.00?s=Design
225,Video Game Designers,Design,https://www.onetonline.org/find/match/5/15-1255.01?s=Design
226,Fashion Designers,Design,https://www.onetonline.org/find/match/6/27-1022.00?s=Design
227,Graphic Designers,Design,https://www.onetonline.org/find/match/7/27-1024.00?s=Design
228,"Architects, Except Landscape and Naval",Design,https://www.onetonline.org/find/match/8/17-1011.00?s=Design
229,Aerospace Engineers,Design,https://www.onetonline.org/find/match/9/17-2011.00?s=Design
230,Mechatronics Engineers,Design,https://www.onetonline.org/find/match/10/17-2199.05?s=Design
231,Microsystems Engineers,Design,https://www.onetonline.org/find/match/11/17-2199.06?s=Design
232,Robotics Engineers,Design,https://www.onetonline.org/find/match/12/17-2199.08?s=Design
233,Art Directors,Design,https://www.onetonline.org/find/match/13/27-1011.00?s=Design
234,Water/Wastewater Engineers,Design,https://www.onetonline.org/find/match/14/17-2051.02?s=Design
235,Marine Engineers and Naval Architects,Design,https://www.onetonline.org/find/match/15/17-2121.00?s=Design
236,Photonics Engineers,Design,https://www.onetonline.org/find/match/16/17-2199.07?s=Design
237,Solar Energy Systems Engineers,Design,https://www.onetonline.org/find/match/17/17-2199.11?s=Design
238,Electrical and Electronic Engineering Technologists and Technicians,Design,https://www.onetonline.org/find/match/18/17-3023.00?s=Design
239,Fuel Cell Engineers,Design,https://www.onetonline.org/find/match/19/17-2141.01?s=Design
240,Floral Designers,Design,https://www.onetonline.org/find/match/20/27-1023.00?s=Design
241,Customer Service Representatives,Customer service,https://www.onetonline.org/find/match/1/43-4051.00?s=Customer%20service
242,Cargo and Freight Agents,Customer service,https://www.onetonline.org/find/match/2/43-5011.00?s=Customer%20service
243,Bill and Account Collectors,Customer service,https://www.onetonline.org/find/match/3/43-3011.00?s=Customer%20service
244,"Securities, Commodities, and Financial Services Sales Agents",Customer service,https://www.onetonline.org/find/match/4/41-3031.00?s=Customer%20service
245,Order Clerks,Customer service,https://www.onetonline.org/find/match/5/43-4151.00?s=Customer%20service
246,"Sales Representatives, Wholesale and Manufacturing, Technical and Scientific Products",Customer service,https://www.onetonline.org/find/match/6/41-4011.00?s=Customer%20service
247,Sales Engineers,Customer service,https://www.onetonline.org/find/match/7/41-9031.00?s=Customer%20service
248,New Accounts Clerks,Customer service,https://www.onetonline.org/find/match/8/43-4141.00?s=Customer%20service
249,Postal Service Clerks,Customer service,https://www.onetonline.org/find/match/9/43-5051.00?s=Customer%20service
250,Automotive and Watercraft Service Attendants,Customer service,https://www.onetonline.org/find/match/10/53-6031.00?s=Customer%20service
251,Counter and Rental Clerks,Customer service,https://www.onetonline.org/find/match/11/41-2021.00?s=Customer%20service
252,Telemarketers,Customer service,https://www.onetonline.org/find/match/12/41-9041.00?s=Customer%20service
253,Parking Attendants,Customer service,https://www.onetonline.org/find/match/13/53-6021.00?s=Customer%20service
254,"Telecommunications Equipment Installers and Repairers, Except Line Installers",Customer service,https://www.onetonline.org/find/match/14/49-2022.00?s=Customer%20service
255,Customs Brokers,Customer service,https://www.onetonline.org/find/match/15/13-1041.08?s=Customer%20service
256,"Dispatchers, Except Police, Fire, and Ambulance",Customer service,https://www.onetonline.org/find/match/16/43-5032.00?s=Customer%20service
257,"Transportation, Storage, and Distribution Managers",Customer service,https://www.onetonline.org/find/match/17/11-3071.00?s=Customer%20service
258,Social and Human Service Assistants,Customer service,https://www.onetonline.org/find/match/18/21-1093.00?s=Customer%20service
259,"Credit Authorizers, Checkers, and Clerks",Customer service,https://www.onetonline.org/find/match/19/43-4041.00?s=Customer%20service
260,Tellers,Customer service,https://www.onetonline.org/find/match/20/43-3071.00?s=Customer%20service
261,Executive Secretaries and Executive Administrative Assistants,Administrative assistance,https://www.onetonline.org/find/match/1/43-6011.00?s=Administrative%20assistance
262,Administrative Services Managers,Administrative assistance,https://www.onetonline.org/find/match/2/11-3012.00?s=Administrative%20assistance
263,"Secretaries and Administrative Assistants, Except Legal, Medical, and Executive",Administrative assistance,https://www.onetonline.org/find/match/3/43-6014.00?s=Administrative%20assistance
264,First-Line Supervisors of Office and Administrative Support Workers,Administrative assistance,https://www.onetonline.org/find/match/4/43-1011.00?s=Administrative%20assistance
265,Medical Secretaries and Administrative Assistants,Administrative assistance,https://www.onetonline.org/find/match/5/43-6013.00?s=Administrative%20assistance
266,Legal Secretaries and Administrative Assistants,Administrative assistance,https://www.onetonline.org/find/match/6/43-6012.00?s=Administrative%20assistance
267,"Education Administrators, Kindergarten through Secondary",Administrative assistance,https://www.onetonline.org/find/match/7/11-9032.00?s=Administrative%20assistance
268,"Administrative Law Judges, Adjudicators, and Hearing Officers",Administrative assistance,https://www.onetonline.org/find/match/8/23-1021.00?s=Administrative%20assistance
269,"Education Administrators, Postsecondary",Administrative assistance,https://www.onetonline.org/find/match/9/11-9033.00?s=Administrative%20assistance
270,"Office and Administrative Support Workers, All Other",Administrative assistance,https://www.onetonline.org/find/match/10/43-9199.00?s=Administrative%20assistance
271,"Court, Municipal, and License Clerks",Administrative assistance,https://www.onetonline.org/find/match/11/43-4031.00?s=Administrative%20assistance
272,Chief Executives,Administrative assistance,https://www.onetonline.org/find/match/12/11-1011.00?s=Administrative%20assistance
273,Medical Assistants,Administrative assistance,https://www.onetonline.org/find/match/13/31-9092.00?s=Administrative%20assistance
274,Medical Records Specialists,Administrative assistance,https://www.onetonline.org/find/match/14/29-2072.00?s=Administrative%20assistance
275,"Library Assistants, Clerical",Administrative assistance,https://www.onetonline.org/find/match/15/43-4121.00?s=Administrative%20assistance
276,General and Operations Managers,Administrative assistance,https://www.onetonline.org/find/match/16/11-1021.00?s=Administrative%20assistance
277,Human Resources Specialists,Administrative assistance,https://www.onetonline.org/find/match/17/13-1071.00?s=Administrative%20assistance
278,"Education and Childcare Administrators, Preschool and Daycare",Administrative assistance,https://www.onetonline.org/find/match/18/11-9031.00?s=Administrative%20assistance
279,Funeral Attendants,Administrative assistance,https://www.onetonline.org/find/match/19/39-4021.00?s=Administrative%20assistance
280,"Human Resources Assistants, Except Payroll and Timekeeping",Administrative assistance,https://www.onetonline.org/find/match/20/43-4161.00?s=Administrative%20assistance
281,"Teaching Assistants, Preschool, Elementary, Middle, and Secondary School, Except Special Education",Teaching,https://www.onetonline.org/find/match/1/25-9042.00?s=Teaching
282,"Teaching Assistants, Postsecondary",Teaching,https://www.onetonline.org/find/match/2/25-9044.00?s=Teaching
283,Self-Enrichment Teachers,Teaching,https://www.onetonline.org/find/match/3/25-3021.00?s=Teaching
284,"Teaching Assistants, Special Education",Teaching,https://www.onetonline.org/find/match/4/25-9043.00?s=Teaching
285,"Agricultural Sciences Teachers, Postsecondary",Teaching,https://www.onetonline.org/find/match/5/25-1041.00?s=Teaching
286,"Forestry and Conservation Science Teachers, Postsecondary",Teaching,https://www.onetonline.org/find/match/6/25-1043.00?s=Teaching
287,"Geography Teachers, Postsecondary",Teaching,https://www.onetonline.org/find/match/7/25-1064.00?s=Teaching
288,"Sociology Teachers, Postsecondary",Teaching,https://www.onetonline.org/find/match/8/25-1067.00?s=Teaching
289,"Communications Teachers, Postsecondary",Teaching,https://www.onetonline.org/find/match/9/25-1122.00?s=Teaching
290,"Philosophy and Religion Teachers, Postsecondary",Teaching,https://www.onetonline.org/find/match/10/25-1126.00?s=Teaching
291,"Special Education Teachers, Secondary School",Teaching,https://www.onetonline.org/find/match/11/25-2058.00?s=Teaching
292,"Education Teachers, Postsecondary",Teaching,https://www.onetonline.org/find/match/12/25-1081.00?s=Teaching
293,"Substitute Teachers, Short-Term",Teaching,https://www.onetonline.org/find/match/13/25-3031.00?s=Teaching
294,"Chemistry Teachers, Postsecondary",Teaching,https://www.onetonline.org/find/match/14/25-1052.00?s=Teaching
295,"English Language and Literature Teachers, Postsecondary",Teaching,https://www.onetonline.org/find/match/15/25-1123.00?s=Teaching
296,"Nursing Instructors and Teachers, Postsecondary",Teaching,https://www.onetonline.org/find/match/16/25-1072.00?s=Teaching
297,"Foreign Language and Literature Teachers, Postsecondary",Teaching,https://www.onetonline.org/find/match/17/25-1124.00?s=Teaching
298,"History Teachers, Postsecondary",Teaching,https://www.onetonline.org/find/match/18/25-1125.00?s=Teaching
299,"Library Science Teachers, Postsecondary",Teaching,https://www.onetonline.org/find/match/19/25-1082.00?s=Teaching
300,"Computer Science Teachers, Postsecondary",Teaching,https://www.onetonline.org/find/match/20/25-1021.00?s=Teaching
301,Animal Caretakers,Animal-related work,https://www.onetonline.org/find/match/1/39-2021.00?s=Animal-related%20work
302,Animal Breeders,Animal-related work,https://www.onetonline.org/find/match/2/45-2021.00?s=Animal-related%20work
303,Veterinary Assistants and Laboratory Animal Caretakers,Animal-related work,https://www.onetonline.org/find/match/3/31-9096.00?s=Animal-related%20work
304,Animal Trainers,Animal-related work,https://www.onetonline.org/find/match/4/39-2011.00?s=Animal-related%20work
305,Animal Control Workers,Animal-related work,https://www.onetonline.org/find/match/5/33-9011.00?s=Animal-related%20work
306,"Farmworkers, Farm, Ranch, and Aquacultural Animals",Animal-related work,https://www.onetonline.org/find/match/6/45-2093.00?s=Animal-related%20work
307,Animal Scientists,Animal-related work,https://www.onetonline.org/find/match/7/19-1011.00?s=Animal-related%20work
308,Fishing and Hunting Workers,Animal-related work,https://www.onetonline.org/find/match/8/45-3031.00?s=Animal-related%20work
309,"First-Line Supervisors of Farming, Fishing, and Forestry Workers",Animal-related work,https://www.onetonline.org/find/match/9/45-1011.00?s=Animal-related%20work
310,Veterinary Technologists and Technicians,Animal-related work,https://www.onetonline.org/find/match/10/29-2056.00?s=Animal-related%20work
311,Veterinarians,Animal-related work,https://www.onetonline.org/find/match/11/29-1131.00?s=Animal-related%20work
312,Slaughterers and Meat Packers,Animal-related work,https://www.onetonline.org/find/match/12/51-3023.00?s=Animal-related%20work
313,Zoologists and Wildlife Biologists,Animal-related work,https://www.onetonline.org/find/match/13/19-1023.00?s=Animal-related%20work
314,"First-Line Supervisors of Entertainment and Recreation Workers, Except Gambling Services",Animal-related work,https://www.onetonline.org/find/match/14/39-1014.00?s=Animal-related%20work
315,Biological Technicians,Animal-related work,https://www.onetonline.org/find/match/15/19-4021.00?s=Animal-related%20work
316,First-Line Supervisors of Office and Administrative Support Workers,Animal-related work,https://www.onetonline.org/find/match/16/43-1011.00?s=Animal-related%20work
317,Helpers--Production Workers,Animal-related work,https://www.onetonline.org/find/match/17/51-9198.00?s=Animal-related%20work
318,Special Effects Artists and Animators,Animal-related work,https://www.onetonline.org/find/match/18/27-1014.00?s=Animal-related%20work
319,"Agricultural Workers, All Other",Animal-related work,https://www.onetonline.org/find/match/19/45-2099.00?s=Animal-related%20work
320,"Managers, All Other",Animal-related work,https://www.onetonline.org/find/match/20/11-9199.00?s=Animal-related%20work
321,"Biological Science Teachers, Postsecondary",Science/lab work,https://www.onetonline.org/find/match/1/25-1042.00?s=Science%2Flab%20work
322,Social Science Research Assistants,Science/lab work,https://www.onetonline.org/find/match/2/19-4061.00?s=Science%2Flab%20work
323,Food Science Technicians,Science/lab work,https://www.onetonline.org/find/match/3/19-4013.00?s=Science%2Flab%20work
324,Forensic Science Technicians,Science/lab work,https://www.onetonline.org/find/match/4/19-4092.00?s=Science%2Flab%20work
325,"Mathematical Science Teachers, Postsecondary",Science/lab work,https://www.onetonline.org/find/match/5/25-1022.00?s=Science%2Flab%20work
326,"Environmental Science and Protection Technicians, Including Health",Science/lab work,https://www.onetonline.org/find/match/6/19-4042.00?s=Science%2Flab%20work
327,Biological Technicians,Science/lab work,https://www.onetonline.org/find/match/7/19-4021.00?s=Science%2Flab%20work
328,Agricultural Technicians,Science/lab work,https://www.onetonline.org/find/match/8/19-4012.00?s=Science%2Flab%20work
329,"Atmospheric, Earth, Marine, and Space Sciences Teachers, Postsecondary",Science/lab work,https://www.onetonline.org/find/match/9/25-1051.00?s=Science%2Flab%20work
330,"Life, Physical, and Social Science Technicians, All Other",Science/lab work,https://www.onetonline.org/find/match/10/19-4099.00?s=Science%2Flab%20work
331,"Environmental Science Teachers, Postsecondary",Science/lab work,https://www.onetonline.org/find/match/11/25-1053.00?s=Science%2Flab%20work
332,"Computer Science Teachers, Postsecondary",Science/lab work,https://www.onetonline.org/find/match/12/25-1021.00?s=Science%2Flab%20work
333,Medical and Clinical Laboratory Technicians,Science/lab work,https://www.onetonline.org/find/match/13/29-2012.00?s=Science%2Flab%20work
334,"Forestry and Conservation Science Teachers, Postsecondary",Science/lab work,https://www.onetonline.org/find/match/14/25-1043.00?s=Science%2Flab%20work
335,Food Scientists and Technologists,Science/lab work,https://www.onetonline.org/find/match/15/19-1012.00?s=Science%2Flab%20work
336,"Chemistry Teachers, Postsecondary",Science/lab work,https://www.onetonline.org/find/match/16/25-1052.00?s=Science%2Flab%20work
337,Medical and Clinical Laboratory Technologists,Science/lab work,https://www.onetonline.org/find/match/17/29-2011.00?s=Science%2Flab%20work
338,"Career/Technical Education Teachers, Secondary School",Science/lab work,https://www.onetonline.org/find/match/18/25-2032.00?s=Science%2Flab%20work
339,Veterinary Assistants and Laboratory Animal Caretakers,Science/lab work,https://www.onetonline.org/find/match/19/31-9096.00?s=Science%2Flab%20work
340,Materials Scientists,Science/lab work,https://www.onetonline.org/find/match/20/19-2032.00?s=Science%2Flab%20work
341,Occupational Therapy Assistants,Therapy/counseling work,https://www.onetonline.org/find/match/1/31-2011.00?s=Therapy%2Fcounseling%20work
342,Occupational Therapy Aides,Therapy/counseling work,https://www.onetonline.org/find/match/2/31-2012.00?s=Therapy%2Fcounseling%20work
343,Art Therapists,Therapy/counseling work,https://www.onetonline.org/find/match/3/29-1129.01?s=Therapy%2Fcounseling%20work
344,Music Therapists,Therapy/counseling work,https://www.onetonline.org/find/match/4/29-1129.02?s=Therapy%2Fcounseling%20work
345,Respiratory Therapists,Therapy/counseling work,https://www.onetonline.org/find/match/5/29-1126.00?s=Therapy%2Fcounseling%20work
346,Occupational Therapists,Therapy/counseling work,https://www.onetonline.org/find/match/6/29-1122.00?s=Therapy%2Fcounseling%20work
347,Physical Therapist Assistants,Therapy/counseling work,https://www.onetonline.org/find/match/7/31-2021.00?s=Therapy%2Fcounseling%20work
348,Clinical and Counseling Psychologists,Therapy/counseling work,https://www.onetonline.org/find/match/8/19-3033.00?s=Therapy%2Fcounseling%20work
349,Physical Therapist Aides,Therapy/counseling work,https://www.onetonline.org/find/match/9/31-2022.00?s=Therapy%2Fcounseling%20work
350,Radiation Therapists,Therapy/counseling work,https://www.onetonline.org/find/match/10/29-1124.00?s=Therapy%2Fcounseling%20work
351,Marriage and Family Therapists,Therapy/counseling work,https://www.onetonline.org/find/match/11/21-1013.00?s=Therapy%2Fcounseling%20work
352,Recreation Workers,Therapy/counseling work,https://www.onetonline.org/find/match/12/39-9032.00?s=Therapy%2Fcounseling%20work
353,Physical Therapists,Therapy/counseling work,https://www.onetonline.org/find/match/13/29-1123.00?s=Therapy%2Fcounseling%20work
354,"Health Specialties Teachers, Postsecondary",Therapy/counseling work,https://www.onetonline.org/find/match/14/25-1071.00?s=Therapy%2Fcounseling%20work
355,Mental Health and Substance Abuse Social Workers,Therapy/counseling work,https://www.onetonline.org/find/match/15/21-1023.00?s=Therapy%2Fcounseling%20work
356,Mental Health Counselors,Therapy/counseling work,https://www.onetonline.org/find/match/16/21-1014.00?s=Therapy%2Fcounseling%20work
357,Recreational Therapists,Therapy/counseling work,https://www.onetonline.org/find/match/17/29-1125.00?s=Therapy%2Fcounseling%20work
358,"Healthcare Support Workers, All Other",Therapy/counseling work,https://www.onetonline.org/find/match/18/31-9099.00?s=Therapy%2Fcounseling%20work
359,Rehabilitation Counselors,Therapy/counseling work,https://www.onetonline.org/find/match/19/21-1015.00?s=Therapy%2Fcounseling%20work
360,"Therapists, All Other",Therapy/counseling work,https://www.onetonline.org/find/match/20/29-1129.00?s=Therapy%2Fcounseling%20work
361,Chief Executives,Public policy or law,https://www.onetonline.org/find/match/1/11-1011.00?s=Public%20policy%20or%20law
362,Public Safety Telecommunicators,Public policy or law,https://www.onetonline.org/find/match/2/43-5031.00?s=Public%20policy%20or%20law
363,Climate Change Policy Analysts,Public policy or law,https://www.onetonline.org/find/match/3/19-2041.01?s=Public%20policy%20or%20law
364,Economists,Public policy or law,https://www.onetonline.org/find/match/4/19-3011.00?s=Public%20policy%20or%20law
365,Lawyers,Public policy or law,https://www.onetonline.org/find/match/5/23-1011.00?s=Public%20policy%20or%20law
366,Police and Sheriff's Patrol Officers,Public policy or law,https://www.onetonline.org/find/match/6/33-3051.00?s=Public%20policy%20or%20law
367,Public Relations Specialists,Public policy or law,https://www.onetonline.org/find/match/7/27-3031.00?s=Public%20policy%20or%20law
368,Public Relations Managers,Public policy or law,https://www.onetonline.org/find/match/8/11-2032.00?s=Public%20policy%20or%20law
369,Insurance Claims and Policy Processing Clerks,Public policy or law,https://www.onetonline.org/find/match/9/43-9041.00?s=Public%20policy%20or%20law
370,Political Scientists,Public policy or law,https://www.onetonline.org/find/match/10/19-3094.00?s=Public%20policy%20or%20law
371,"Criminal Justice and Law Enforcement Teachers, Postsecondary",Public policy or law,https://www.onetonline.org/find/match/11/25-1111.00?s=Public%20policy%20or%20law
372,"Law Teachers, Postsecondary",Public policy or law,https://www.onetonline.org/find/match/12/25-1112.00?s=Public%20policy%20or%20law
373,First-Line Supervisors of Police and Detectives,Public policy or law,https://www.onetonline.org/find/match/13/33-1012.00?s=Public%20policy%20or%20law
374,"Arbitrators, Mediators, and Conciliators",Public policy or law,https://www.onetonline.org/find/match/14/23-1022.00?s=Public%20policy%20or%20law
375,Transit and Railroad Police,Public policy or law,https://www.onetonline.org/find/match/15/33-3052.00?s=Public%20policy%20or%20law
376,Judicial Law Clerks,Public policy or law,https://www.onetonline.org/find/match/16/23-1012.00?s=Public%20policy%20or%20law
377,"Forestry and Conservation Science Teachers, Postsecondary",Public policy or law,https://www.onetonline.org/find/match/17/25-1043.00?s=Public%20policy%20or%20law
378,"Administrative Law Judges, Adjudicators, and Hearing Officers",Public policy or law,https://www.onetonline.org/find/match/18/23-1021.00?s=Public%20policy%20or%20law
379,"Court, Municipal, and License Clerks",Public policy or law,https://www.onetonline.org/find/match/19/43-4031.00?s=Public%20policy%20or%20law
380,Health Informatics Specialists,Public policy or law,https://www.onetonline.org/find/match/20/15-1211.01?s=Public%20policy%20or%20law
381,Human Resources Specialists,HR/recruiting,https://www.onetonline.org/find/match/1/13-1071.00?s=HR%2Frecruiting
382,Human Resources Managers,HR/recruiting,https://www.onetonline.org/find/match/2/11-3121.00?s=HR%2Frecruiting
383,First-Line Supervisors of Non-Retail Sales Workers,HR/recruiting,https://www.onetonline.org/find/match/3/41-1012.00?s=HR%2Frecruiting
384,Equal Opportunity Representatives and Officers,HR/recruiting,https://www.onetonline.org/find/match/4/13-1041.03?s=HR%2Frecruiting
385,"Human Resources Assistants, Except Payroll and Timekeeping",HR/recruiting,https://www.onetonline.org/find/match/5/43-4161.00?s=HR%2Frecruiting
386,"Interviewers, Except Eligibility and Loan",HR/recruiting,https://www.onetonline.org/find/match/6/43-4111.00?s=HR%2Frecruiting
387,"Secretaries and Administrative Assistants, Except Legal, Medical, and Executive",HR/recruiting,https://www.onetonline.org/find/match/7/43-6014.00?s=HR%2Frecruiting
388,Training and Development Specialists,HR/recruiting,https://www.onetonline.org/find/match/8/13-1151.00?s=HR%2Frecruiting
389,First-Line Supervisors of Office and Administrative Support Workers,HR/recruiting,https://www.onetonline.org/find/match/9/43-1011.00?s=HR%2Frecruiting
390,Treasurers and Controllers,HR/recruiting,https://www.onetonline.org/find/match/10/11-3031.01?s=HR%2Frecruiting
391,Compliance Managers,HR/recruiting,https://www.onetonline.org/find/match/11/11-9199.02?s=HR%2Frecruiting
392,Management Analysts,HR/recruiting,https://www.onetonline.org/find/match/12/13-1111.00?s=HR%2Frecruiting
393,"Compensation, Benefits, and Job Analysis Specialists",HR/recruiting,https://www.onetonline.org/find/match/13/13-1141.00?s=HR%2Frecruiting
394,Computer and Information Research Scientists,HR/recruiting,https://www.onetonline.org/find/match/14/15-1221.00?s=HR%2Frecruiting
395,Statisticians,HR/recruiting,https://www.onetonline.org/find/match/15/15-2041.00?s=HR%2Frecruiting
396,Industrial-Organizational Psychologists,HR/recruiting,https://www.onetonline.org/find/match/16/19-3032.00?s=HR%2Frecruiting
397,Health Education Specialists,HR/recruiting,https://www.onetonline.org/find/match/17/21-1091.00?s=HR%2Frecruiting
398,Media Programming Directors,HR/recruiting,https://www.onetonline.org/find/match/18/27-2012.03?s=HR%2Frecruiting
399,"Switchboard Operators, Including Answering Service",HR/recruiting,https://www.onetonline.org/find/match/19/43-2011.00?s=HR%2Frecruiting
400,Payroll and Timekeeping Clerks,HR/recruiting,https://www.onetonline.org/find/match/20/43-3051.00?s=HR%2Frecruiting
401,Social Science Research Assistants,Research,https://www.onetonline.org/find/match/1/19-4061.00?s=Research
402,Clinical Research Coordinators,Research,https://www.onetonline.org/find/match/2/11-9121.01?s=Research
403,Market Research Analysts and Marketing Specialists,Research,https://www.onetonline.org/find/match/3/13-1161.00?s=Research
404,Computer and Information Research Scientists,Research,https://www.onetonline.org/find/match/4/15-1221.00?s=Research
405,Biochemists and Biophysicists,Research,https://www.onetonline.org/find/match/5/19-1021.00?s=Research
406,Molecular and Cellular Biologists,Research,https://www.onetonline.org/find/match/6/19-1029.02?s=Research
407,Geneticists,Research,https://www.onetonline.org/find/match/7/19-1029.03?s=Research
408,Biologists,Research,https://www.onetonline.org/find/match/8/19-1029.04?s=Research
409,Hydrologists,Research,https://www.onetonline.org/find/match/9/19-2043.00?s=Research
410,Soil and Plant Scientists,Research,https://www.onetonline.org/find/match/10/19-1013.00?s=Research
411,Astronomers,Research,https://www.onetonline.org/find/match/11/19-2011.00?s=Research
412,"Environmental Scientists and Specialists, Including Health",Research,https://www.onetonline.org/find/match/12/19-2041.00?s=Research
413,Climate Change Policy Analysts,Research,https://www.onetonline.org/find/match/13/19-2041.01?s=Research
414,"Atmospheric, Earth, Marine, and Space Sciences Teachers, Postsecondary",Research,https://www.onetonline.org/find/match/14/25-1051.00?s=Research
415,Historians,Research,https://www.onetonline.org/find/match/15/19-3093.00?s=Research
416,Natural Sciences Managers,Research,https://www.onetonline.org/find/match/16/11-9121.00?s=Research
417,Biofuels/Biodiesel Technology and Product Development Managers,Research,https://www.onetonline.org/find/match/17/11-9041.01?s=Research
418,Operations Research Analysts,Research,https://www.onetonline.org/find/match/18/15-2031.00?s=Research
419,"Engineering Teachers, Postsecondary",Research,https://www.onetonline.org/find/match/19/25-1032.00?s=Research
420,"Agricultural Sciences Teachers, Postsecondary",Research,https://www.onetonline.org/find/match/20/25-1041.00?s=Research
421,Architectural and Engineering Managers,Engineering,https://www.onetonline.org/find/match/1/11-9041.00?s=Engineering
422,Electrical and Electronic Engineering Technologists and Technicians,Engineering,https://www.onetonline.org/find/match/2/17-3023.00?s=Engineering
423,Mechanical Engineering Technologists and Technicians,Engineering,https://www.onetonline.org/find/match/3/17-3027.00?s=Engineering
424,Industrial Engineering Technologists and Technicians,Engineering,https://www.onetonline.org/find/match/4/17-3026.00?s=Engineering
425,Environmental Engineering Technologists and Technicians,Engineering,https://www.onetonline.org/find/match/5/17-3025.00?s=Engineering
426,Aerospace Engineers,Engineering,https://www.onetonline.org/find/match/6/17-2011.00?s=Engineering
427,Civil Engineering Technologists and Technicians,Engineering,https://www.onetonline.org/find/match/7/17-3022.00?s=Engineering
428,Civil Engineers,Engineering,https://www.onetonline.org/find/match/8/17-2051.00?s=Engineering
429,Mechanical Engineers,Engineering,https://www.onetonline.org/find/match/9/17-2141.00?s=Engineering
430,"Engineering Technologists and Technicians, Except Drafters, All Other",Engineering,https://www.onetonline.org/find/match/10/17-3029.00?s=Engineering
431,"Engineering Teachers, Postsecondary",Engineering,https://www.onetonline.org/find/match/11/25-1032.00?s=Engineering
432,Automotive Engineering Technicians,Engineering,https://www.onetonline.org/find/match/12/17-3027.01?s=Engineering
433,Nanosystems Engineers,Engineering,https://www.onetonline.org/find/match/13/17-2199.09?s=Engineering
434,Bioengineers and Biomedical Engineers,Engineering,https://www.onetonline.org/find/match/14/17-2031.00?s=Engineering
435,Nanotechnology Engineering Technologists and Technicians,Engineering,https://www.onetonline.org/find/match/15/17-3026.01?s=Engineering
436,Environmental Engineers,Engineering,https://www.onetonline.org/find/match/16/17-2081.00?s=Engineering
437,Automotive Engineers,Engineering,https://www.onetonline.org/find/match/17/17-2141.02?s=Engineering
438,Petroleum Engineers,Engineering,https://www.onetonline.org/find/match/18/17-2171.00?s=Engineering
439,Solar Energy Systems Engineers,Engineering,https://www.onetonline.org/find/match/19/17-2199.11?s=Engineering
440,Aerospace Engineering and Operations Technologists and Technicians,Engineering,https://www.onetonline.org/find/match/20/17-3021.00?s=Engineering
441,"Securities, Commodities, and Financial Services Sales Agents",Business and Financial,https://www.onetonline.org/find/match/1/41-3031.00?s=Business%20and%20Financial
442,Financial and Investment Analysts,Business and Financial,https://www.onetonline.org/find/match/2/13-2051.00?s=Business%20and%20Financial
443,"Bookkeeping, Accounting, and Auditing Clerks",Business and Financial,https://www.onetonline.org/find/match/3/43-3031.00?s=Business%20and%20Financial
444,Treasurers and Controllers,Business and Financial,https://www.onetonline.org/find/match/4/11-3031.01?s=Business%20and%20Financial
445,Online Merchants,Business and Financial,https://www.onetonline.org/find/match/5/13-1199.06?s=Business%20and%20Financial
446,Business Continuity Planners,Business and Financial,https://www.onetonline.org/find/match/6/13-1199.04?s=Business%20and%20Financial
447,Financial Quantitative Analysts,Business and Financial,https://www.onetonline.org/find/match/7/13-2099.01?s=Business%20and%20Financial
448,Financial Managers,Business and Financial,https://www.onetonline.org/find/match/8/11-3031.00?s=Business%20and%20Financial
449,Financial Examiners,Business and Financial,https://www.onetonline.org/find/match/9/13-2061.00?s=Business%20and%20Financial
450,"Business Teachers, Postsecondary",Business and Financial,https://www.onetonline.org/find/match/10/25-1011.00?s=Business%20and%20Financial
451,Business Intelligence Analysts,Business and Financial,https://www.onetonline.org/find/match/11/15-2051.01?s=Business%20and%20Financial
452,Appraisers of Personal and Business Property,Business and Financial,https://www.onetonline.org/find/match/12/13-2022.00?s=Business%20and%20Financial
453,"Agents and Business Managers of Artists, Performers, and Athletes",Business and Financial,https://www.onetonline.org/find/match/13/13-1011.00?s=Business%20and%20Financial
454,Personal Financial Advisors,Business and Financial,https://www.onetonline.org/find/match/14/13-2052.00?s=Business%20and%20Financial
455,General and Operations Managers,Business and Financial,https://www.onetonline.org/find/match/15/11-1021.00?s=Business%20and%20Financial
456,"Interviewers, Except Eligibility and Loan",Business and Financial,https://www.onetonline.org/find/match/16/43-4111.00?s=Business%20and%20Financial
457,Loan Officers,Business and Financial,https://www.onetonline.org/find/match/17/13-2072.00?s=Business%20and%20Financial
458,Accountants and Auditors,Business and Financial,https://www.onetonline.org/find/match/18/13-2011.00?s=Business%20and%20Financial
459,Medical Secretaries and Administrative Assistants,Business and Financial,https://www.onetonline.org/find/match/19/43-6013.00?s=Business%20and%20Financial
460,First-Line Supervisors of Office and Administrative Support Workers,Business and Financial,https://www.onetonline.org/find/match/20/43-1011.00?s=Business%20and%20Financial
461,"Entertainment and Recreation Managers, Except Gambling",Entertainment or Performance Arts,https://www.onetonline.org/find/match/1/11-9072.00?s=Entertainment%20or%20Performance%20Arts
462,"First-Line Supervisors of Entertainment and Recreation Workers, Except Gambling Services",Entertainment or Performance Arts,https://www.onetonline.org/find/match/2/39-1014.00?s=Entertainment%20or%20Performance%20Arts
463,Audiovisual Equipment Installers and Repairers,Entertainment or Performance Arts,https://www.onetonline.org/find/match/3/49-2097.00?s=Entertainment%20or%20Performance%20Arts
464,"Entertainment Attendants and Related Workers, All Other",Entertainment or Performance Arts,https://www.onetonline.org/find/match/4/39-3099.00?s=Entertainment%20or%20Performance%20Arts
465,"Managers, All Other",Entertainment or Performance Arts,https://www.onetonline.org/find/match/5/11-9199.00?s=Entertainment%20or%20Performance%20Arts
466,Actors,Entertainment or Performance Arts,https://www.onetonline.org/find/match/6/27-2011.00?s=Entertainment%20or%20Performance%20Arts
467,"Agents and Business Managers of Artists, Performers, and Athletes",Entertainment or Performance Arts,https://www.onetonline.org/find/match/7/13-1011.00?s=Entertainment%20or%20Performance%20Arts
468,Athletes and Sports Competitors,Entertainment or Performance Arts,https://www.onetonline.org/find/match/8/27-2021.00?s=Entertainment%20or%20Performance%20Arts
469,Dancers,Entertainment or Performance Arts,https://www.onetonline.org/find/match/9/27-2031.00?s=Entertainment%20or%20Performance%20Arts
470,Musicians and Singers,Entertainment or Performance Arts,https://www.onetonline.org/find/match/10/27-2042.00?s=Entertainment%20or%20Performance%20Arts
471,"Entertainers and Performers, Sports and Related Workers, All Other",Entertainment or Performance Arts,https://www.onetonline.org/find/match/11/27-2099.00?s=Entertainment%20or%20Performance%20Arts
472,Talent Directors,Entertainment or Performance Arts,https://www.onetonline.org/find/match/12/27-2012.04?s=Entertainment%20or%20Performance%20Arts
473,Lighting Technicians,Entertainment or Performance Arts,https://www.onetonline.org/find/match/13/27-4015.00?s=Entertainment%20or%20Performance%20Arts
474,Gambling Surveillance Officers and Gambling Investigators,Entertainment or Performance Arts,https://www.onetonline.org/find/match/14/33-9031.00?s=Entertainment%20or%20Performance%20Arts
475,Lawyers,Entertainment or Performance Arts,https://www.onetonline.org/find/match/15/23-1011.00?s=Entertainment%20or%20Performance%20Arts
476,Gambling and Sports Book Writers and Runners,Entertainment or Performance Arts,https://www.onetonline.org/find/match/16/39-3012.00?s=Entertainment%20or%20Performance%20Arts
477,Gambling Dealers,Entertainment or Performance Arts,https://www.onetonline.org/find/match/17/39-3011.00?s=Entertainment%20or%20Performance%20Arts
478,Producers and Directors,Entertainment or Performance Arts,https://www.onetonline.org/find/match/18/27-2012.00?s=Entertainment%20or%20Performance%20Arts
479,"Ushers, Lobby Attendants, and Ticket Takers",Entertainment or Performance Arts,https://www.onetonline.org/find/match/19/39-3031.00?s=Entertainment%20or%20Performance%20Arts
480,"Art, Drama, and Music Teachers, Postsecondary",Entertainment or Performance Arts,https://www.onetonline.org/find/match/20/25-1121.00?s=Entertainment%20or%20Performance%20Arts
481,Sports Medicine Physicians,Sports,https://www.onetonline.org/find/match/1/29-1229.06?s=Sports
482,"Umpires, Referees, and Other Sports Officials",Sports,https://www.onetonline.org/find/match/2/27-2023.00?s=Sports
483,Gambling and Sports Book Writers and Runners,Sports,https://www.onetonline.org/find/match/3/39-3012.00?s=Sports
484,Coaches and Scouts,Sports,https://www.onetonline.org/find/match/4/27-2022.00?s=Sports
485,Media Programming Directors,Sports,https://www.onetonline.org/find/match/5/27-2012.03?s=Sports
486,Recreation Workers,Sports,https://www.onetonline.org/find/match/6/39-9032.00?s=Sports
487,"Entertainers and Performers, Sports and Related Workers, All Other",Sports,https://www.onetonline.org/find/match/7/27-2099.00?s=Sports
488,Athletes and Sports Competitors,Sports,https://www.onetonline.org/find/match/8/27-2021.00?s=Sports
489,Athletic Trainers,Sports,https://www.onetonline.org/find/match/9/29-9091.00?s=Sports
490,Amusement and Recreation Attendants,Sports,https://www.onetonline.org/find/match/10/39-3091.00?s=Sports
491,Exercise Trainers and Group Fitness Instructors,Sports,https://www.onetonline.org/find/match/11/39-9031.00?s=Sports
492,Audio and Video Technicians,Sports,https://www.onetonline.org/find/match/12/27-4011.00?s=Sports
493,Broadcast Announcers and Radio Disc Jockeys,Sports,https://www.onetonline.org/find/match/13/27-3011.00?s=Sports
494,"Recreation and Fitness Studies Teachers, Postsecondary",Sports,https://www.onetonline.org/find/match/14/25-1193.00?s=Sports
495,"News Analysts, Reporters, and Journalists",Sports,https://www.onetonline.org/find/match/15/27-3023.00?s=Sports
496,General and Operations Managers,Sports,https://www.onetonline.org/find/match/16/11-1021.00?s=Sports
497,Marketing Managers,Sports,https://www.onetonline.org/find/match/17/11-2021.00?s=Sports
498,Gambling Managers,Sports,https://www.onetonline.org/find/match/18/11-9071.00?s=Sports
499,Fitness and Wellness Coordinators,Sports,https://www.onetonline.org/find/match/19/11-9179.01?s=Sports
500,"Managers, All Other",Sports,https://www.onetonline.org/find/match/20/11-9199.00?s=Sports
501,Healthcare Social Workers,Healthcare,https://www.onetonline.org/find/match/1/21-1022.00?s=Healthcare
502,Health Information Technologists and Medical Registrars,Healthcare,https://www.onetonline.org/find/match/2/29-9021.00?s=Healthcare
503,Home Health Aides,Healthcare,https://www.onetonline.org/find/match/3/31-1121.00?s=Healthcare
504,Medical and Health Services Managers,Healthcare,https://www.onetonline.org/find/match/4/11-9111.00?s=Healthcare
505,Health Education Specialists,Healthcare,https://www.onetonline.org/find/match/5/21-1091.00?s=Healthcare
506,Registered Nurses,Healthcare,https://www.onetonline.org/find/match/6/29-1141.00?s=Healthcare
507,Nurse Practitioners,Healthcare,https://www.onetonline.org/find/match/7/29-1171.00?s=Healthcare
508,"Healthcare Support Workers, All Other",Healthcare,https://www.onetonline.org/find/match/8/31-9099.00?s=Healthcare
509,Health Informatics Specialists,Healthcare,https://www.onetonline.org/find/match/9/15-1211.01?s=Healthcare
510,Patient Representatives,Healthcare,https://www.onetonline.org/find/match/10/29-2099.08?s=Healthcare
511,Community Health Workers,Healthcare,https://www.onetonline.org/find/match/11/21-1094.00?s=Healthcare
512,Nurse Midwives,Healthcare,https://www.onetonline.org/find/match/12/29-1161.00?s=Healthcare
513,Midwives,Healthcare,https://www.onetonline.org/find/match/13/29-9099.01?s=Healthcare
514,"Healthcare Diagnosing or Treating Practitioners, All Other",Healthcare,https://www.onetonline.org/find/match/14/29-1299.00?s=Healthcare
515,"Healthcare Practitioners and Technical Workers, All Other",Healthcare,https://www.onetonline.org/find/match/15/29-9099.00?s=Healthcare
516,Hearing Aid Specialists,Healthcare,https://www.onetonline.org/find/match/16/29-2092.00?s=Healthcare
517,Personal Care Aides,Healthcare,https://www.onetonline.org/find/match/17/31-1122.00?s=Healthcare
518,Clinical Nurse Specialists,Healthcare,https://www.onetonline.org/find/match/18/29-1141.04?s=Healthcare
519,Occupational Health and Safety Specialists,Healthcare,https://www.onetonline.org/find/match/19/19-5011.00?s=Healthcare
520,Acute Care Nurses,Healthcare,https://www.onetonline.org/find/match/20/29-1141.01?s=Healthcare
